<?xml version="1.0" encoding="UTF-8" standalone="yes"?>
<addon id="repository.myztik" name="Myztik Repo" version="0.0.1" provider-name="Myztik">
	<extension point="xbmc.addon.repository" name="Myztik Repo">
		<dir>
			<info compressed="false">https://offshoregit.com/tvaresolvers/tva-common-repository/raw/master/addons.xml</info>
			<checksum>https://offshoregit.com/tvaresolvers/tva-common-repository/raw/master/addons.xml.md5</checksum>
			<datadir zip="true">https://offshoregit.com/tvaresolvers/tva-common-repository/raw/master/zips/</datadir>
		</dir>
		<dir>
			<info compressed="false">https://raw.githubusercontent.com/noobsandnerds/modules4all/master/zips/addons.xml</info>
			<checksum>https://raw.githubusercontent.com/noobsandnerds/modules4all/master/zips/addons.xml.md5</checksum>
			<datadir zip="true">https://raw.githubusercontent.com/noobsandnerds/modules4all/master/zips/</datadir>
		</dir>
		<info compressed="false">https://raw.githubusercontent.com/ItsMYZTIK/repository.myztik/master/zips/addons.xml</info>
		<checksum>https://raw.githubusercontent.com/ItsMYZTIK/repository.myztik/master/zips/addons.xml.md5</checksum>
		<datadir zip="true">https://raw.githubusercontent.com/ItsMYZTIK/repository.myztik/master/zips/</datadir>
	</extension>
	<extension point="xbmc.addon.metadata">
		<summary lang="en">All work by Myztik</summary>
		<description lang="en">I am new, this is all my git work -MYZTIK</description>
		<genre>movies,tvshows,canadian,uk,usa</genre>
	</extension>
</addon>